{"recall": 0.9575306013837147, "precision": 0.9727508650519031, "accuracy": 0.9935844370860927}