{"accuracy": 0.971414117523389, "recall": 0.842019601599264, "precision": 0.8488674870697343, "f1_score": 0.8454296777860669, "roc_auc": 0.9133383288257624, "n_estims": 1}