{"accuracy": 0.9715586565752129, "recall": 0.8482822064182854, "precision": 0.8458281883930147, "n_estims": 1}