{"accuracy": 0.9898888363292336, "recall": 0.9201075611223154, "precision": 0.9694315004659833, "f1_score": 0.9441257624164973, "roc_auc": 0.958569096346248, "n_estims": 10}