{"accuracy": 0.9895537685272785, "recall": 0.9238226656759722, "precision": 0.9621549913402366, "n_estims": 7}