{"accuracy": 0.9899446809628929, "recall": 0.9207798181367867, "precision": 0.9693809133576696, "f1_score": 0.9444555335789072, "roc_auc": 0.9589016036724716, "n_estims": 10}