{"accuracy": 0.9995318516437859, "recall": 0.7867647058823529, "precision": 0.9067796610169492, "f1_score": 0.84251968503937, "roc_auc": 0.8933178799202051, "n_estims": 7}