{"accuracy": 0.985109192683696, "recall": 0.8982415171779358, "precision": 0.9387294778878864, "f1_score": 0.9180393078633808, "roc_auc": 0.9461206101205463, "n_estims": 3}