{"accuracy": 0.9991573329588147, "recall": 0.7205882352941176, "precision": 0.7424242424242424, "f1_score": 0.7313432835820897, "roc_auc": 0.8600948374004203, "n_estims": 1}