{"accuracy": 0.9737201723956691, "recall": 0.7534939673778438, "precision": 0.9537372923104483, "f1_score": 0.8418722327640734, "roc_auc": 0.8748766436962367, "n_estims": 2}