{"accuracy": 0.9746498212971723, "recall": 0.7650284824682447, "precision": 0.9525949422856639, "f1_score": 0.8485704754616276, "roc_auc": 0.8805660458496797, "n_estims": 2}