{"accuracy": 0.9918105487228004, "recall": 0.9406998549340126, "precision": 0.9701868340388264, "f1_score": 0.955215837030916, "roc_auc": 0.9688706750236145, "n_estims": 60}