{"recall": 0.9556146886641831, "precision": 0.9740696539004015, "accuracy": 0.9935351624093346}