{"accuracy": 0.9882496320824136, "recall": 0.9148710327990659, "precision": 0.9566745597158502, "f1_score": 0.9353059268235338, "roc_auc": 0.9553153149170214, "n_estims": 5}