{"recall": 0.67994299429943, "precision": 0.9055582194517702, "accuracy": 0.9633086678379962}