{"accuracy": 0.9850894828129928, "recall": 0.8960124544457417, "precision": 0.9405734660525925, "n_estims": 3}