{"accuracy": 0.9883219016083254, "recall": 0.9166047482574391, "precision": 0.9557998819362455, "f1_score": 0.9357920783137971, "roc_auc": 0.9561332867025464, "n_estims": 5}