{"accuracy": 0.9898067118679702, "recall": 0.9207444361886565, "precision": 0.9679015100795954, "f1_score": 0.9437342472211645, "roc_auc": 0.958809678487661, "n_estims": 10}