{"recall": 0.9156140537097973, "precision": 0.9558600820005171, "accuracy": 0.9882397771470619}