{"accuracy": 0.9910122989593189, "recall": 0.9339772847893005, "precision": 0.9680932995929145, "f1_score": 0.9507293354943274, "roc_auc": 0.965413428654441, "n_estims": 15}