{"accuracy": 0.9714831020708504, "recall": 0.8461239075823515, "precision": 0.8466331515966863, "f1_score": 0.8463784529897892, "roc_auc": 0.9152184757192374, "n_estims": 1}