{"recall": 0.9412659661040937, "precision": 0.9698151726149247, "accuracy": 0.9918269736150531}