{"accuracy": 0.9710232050877746, "recall": 0.841453490429183, "precision": 0.8456724272811322, "n_estims": 1}