n_estimators,precision,recall,accuracy
45,0.9691063426718641,0.9411952022078336,0.9917547040891411
