{"accuracy": 0.9747286607799853, "recall": 0.7634362948023918, "precision": 0.9554109103790294, "f1_score": 0.8487029716600782, "roc_auc": 0.8798948827616664, "n_estims": 2}