{"accuracy": 0.9711316093766424, "recall": 0.8443548101758482, "precision": 0.8446536650975117}