{"accuracy": 0.9911371281404394, "recall": 0.9332342638785691, "precision": 0.9701695663368521, "f1_score": 0.9513435527502253, "roc_auc": 0.9651487430389287, "n_estims": 20}