n_estimators,precision,recall,accuracy,f1_score,roc_auc
1,0.8298605414273995,0.8315659679408138,0.986456033848418,0.830712379388216,0.9122346642041785
10,0.9861702127659574,0.9144266337854501,0.996067880794702,0.9489443378119002,0.9569464230240984
10,0.9681682799702159,0.9201075611223154,0.9897738620834647,0.9435262957386209,0.9585057256785382
6,0.3392935019624945,0.10962378469775962,0.8970619152738358,0.16570820021299254,0.5438347451029482
7,0.9612946033618401,0.9226904433358101,0.9893730947124987,0.9415970103446408,0.959444101636618
7,0.9629192775525249,0.924318012949793,0.9896687427730474,0.9432238730525517,0.9603375524258728
7,0.9067796610169492,0.7867647058823529,0.9995318516437859,0.84251968503937,0.8933178799202051
