{"accuracy": 0.9741307947019867, "recall": 0.757987474790362, "precision": 0.9539139727491317, "f1_score": 0.8447388655586444, "roc_auc": 0.8771197762214838, "n_estims": 2}