{"recall": 0.841984219651134, "precision": 0.84747150997151, "accuracy": 0.9712597235362136}