{"accuracy": 0.9741636444864922, "recall": 0.756324523228249, "precision": 0.9562494408159613, "f1_score": 0.8446174210245571, "roc_auc": 0.8763915040992686, "n_estims": 2}