{"accuracy": 0.989557053505729, "recall": 0.9171708594275201, "precision": 0.9686846038863977}