{"accuracy": 0.9894191191687718, "recall": 0.9160177392883333, "precision": 0.9698314108251996}