{"accuracy": 0.9917547040891411, "recall": 0.9411952022078336, "precision": 0.9691063426718641, "n_estims": 45}