{"accuracy": 0.9884401608325449, "recall": 0.9180554081307717, "precision": 0.9556906077348066, "f1_score": 0.936495046288777, "roc_auc": 0.9568495636866827, "n_estims": 5}