{"accuracy": 0.986456033848418, "recall": 0.832059186189889, "precision": 0.8295361416161285, "n_estims": 1}