{"accuracy": 0.9875236518448439, "recall": 0.8980646074372854, "precision": 0.9651317540590897, "f1_score": 0.9303911146952091, "roc_auc": 0.9473719922246521, "n_estims": 6}