{
    "recall": 0.9407706188302728,
    "precision": 0.9711457686548084,
    "accuracy": 0.9919058130978661
}
